INSERT INTO usuarios (
    nombres, apellidos, fecha_nacimiento, tipo_documento, numero_doc, email, telefono, password_hash, rol, fecha_creacion, fecha_actualizacion
)
VALUES
-- Alumnos (40 registros)
('Juan', 'Pérez Gómez', '2005-04-12', 'DNI', '02345678', 'juan.perez@example.com', '987654321', 'hashed_password_1', 'Alumno', NOW(), NULL),
('María', 'González Ruiz', '2006-07-25', 'DNI', '07654321', 'maria.gonzalez@example.com', '987654322', 'hashed_password_2', 'Alumno', NOW(), NULL),
('Carlos', 'Ramírez López', '2007-05-15', 'DNI', '01223344', 'carlos.ramirez@example.com', '987654323', 'hashed_password_3', 'Alumno', NOW(), NULL),
('Ana', 'López Fernández', '2008-03-10', 'DNI', '33442266', 'ana.lopez@example.com', '987654324', 'hashed_password_4', 'Alumno', NOW(), NULL),
('Luis', 'Martínez Soto', '2009-11-05', 'DNI', '57667788', 'luis.martinez@example.com', '987654325', 'hashed_password_5', 'Alumno', NOW(), NULL),
('Sofía', 'Rodríguez Hernández', '2010-08-18', 'DNI', '01778899', 'sofia.rodriguez@example.com', '987654326', 'hashed_password_6', 'Alumno', NOW(), NULL),
('Diego', 'Hernández Pérez', '2011-06-21', 'DNI', '01889900', 'diego.hernandez@example.com', '987654327', 'hashed_password_7', 'Alumno', NOW(), NULL),
('Valeria', 'Sanchez Ramírez', '2012-04-24', 'DNI', '01990011', 'valeria.sanchez@example.com', '987654328', 'hashed_password_8', 'Alumno', NOW(), NULL),
('Miguel', 'Torres Martínez', '2013-02-27', 'DNI', '91001122', 'miguel.torres@example.com', '987654329', 'hashed_password_9', 'Alumno', NOW(), NULL),
('Laura', 'Ramírez Fernández', '2014-01-30', 'DNI', '01112233', 'laura.ramirez@example.com', '987654330', 'hashed_password_10', 'Alumno', NOW(), NULL),
('Javier', 'Flores Soto', '2015-12-03', 'DNI', '61223344', 'javier.flores@example.com', '987654331', 'hashed_password_11', 'Alumno', NOW(), NULL),
('Camila', 'Gutiérrez López', '2016-11-06', 'DNI', '25334455', 'camila.gutierrez@example.com', '987654332', 'hashed_password_12', 'Alumno', NOW(), NULL),
('Andrés', 'Pérez Martínez', '2017-10-09', 'DNI', '35845566', 'andres.perez@example.com', '987654333', 'hashed_password_13', 'Alumno', NOW(), NULL),
('Isabel', 'Díaz Fernández', '2018-09-12', 'DNI', '44556677', 'isabel.diaz@example.com', '987654334', 'hashed_password_14', 'Alumno', NOW(), NULL),
('Ricardo', 'Vargas Soto', '2019-08-15', 'DNI', '54667788', 'ricardo.vargas@example.com', '987654335', 'hashed_password_15', 'Alumno', NOW(), NULL),
('Paula', 'Castro Ramírez', '2020-07-18', 'DNI', '66028899', 'paula.castro@example.com', '987654336', 'hashed_password_16', 'Alumno', NOW(), NULL),
('Fernando', 'Silva Martínez', '2021-06-21', 'DNI', '77029900', 'fernando.silva@example.com', '987654337', 'hashed_password_17', 'Alumno', NOW(), NULL),
('Daniela', 'Morales Fernández', '2022-05-24', 'DNI', '88020011', 'daniela.morales@example.com', '987654338', 'hashed_password_18', 'Alumno', NOW(), NULL),
('Gabriel', 'Ortega Soto', '2023-04-27', 'DNI', '92001122', 'gabriel.ortega@example.com', '987654339', 'hashed_password_19', 'Alumno', NOW(), NULL),
('Carolina', 'Navarro Ramírez', '2024-03-30', 'DNI', '00312233', 'carolina.navarro@example.com', '987654340', 'hashed_password_20', 'Alumno', NOW(), NULL),
('Sebastián', 'Rojas Martínez', '2025-02-02', 'DNI', '11823344', 'sebastian.rojas@example.com', '987654341', 'hashed_password_21', 'Alumno', NOW(), NULL),
('Valentina', 'Mendoza Fernández', '2026-01-05', 'DNI', '27334455', 'valentina.mendoza@example.com', '987654342', 'hashed_password_22', 'Alumno', NOW(), NULL),
('Mateo', 'García Soto', '2027-12-08', 'DNI', '33445586', 'mateo.garcia@example.com', '987654343', 'hashed_password_23', 'Alumno', NOW(), NULL),
('Lucas', 'Díaz Ramírez', '2028-11-11', 'DNI', '44556619', 'lucas.diaz@example.com', '987654344', 'hashed_password_24', 'Alumno', NOW(), NULL),
('Tomás', 'Vargas Martínez', '2029-10-14', 'DNI', '53667788', 'tomas.vargas@example.com', '987654345', 'hashed_password_25', 'Alumno', NOW(), NULL),
('Isabella', 'Castro Fernández', '2030-09-17', 'DNI', '66770399', 'isabella.castro@example.com', '987654346', 'hashed_password_26', 'Alumno', NOW(), NULL),
('Valeria', 'Silva Soto', '2031-08-20', 'DNI', '77880490', 'valeria.silva@example.com', '987654347', 'hashed_password_27', 'Alumno', NOW(), NULL),
('Santiago', 'Morales Ramírez', '2032-07-23', 'DNI', '88990311', 'santiago.morales@example.com', '987654348', 'hashed_password_28', 'Alumno', NOW(), NULL),
('Camila', 'Ortega Martínez', '2033-06-26', 'DNI', '93001122', 'camila.ortega@example.com', '987654349', 'hashed_password_29', 'Alumno', NOW(), NULL),
('Benjamín', 'Navarro Fernández', '2034-05-29', 'DNI', '00102233', 'benjamin.navarro@example.com', '987654350', 'hashed_password_30', 'Alumno', NOW(), NULL),
('Alejandro', 'Rojas Soto', '2035-04-01', 'DNI', '11224344', 'alejandro.rojas@example.com', '987654351', 'hashed_password_31', 'Alumno', NOW(), NULL),
('Valentina', 'Mendoza Ramírez', '2036-03-04', 'DNI', '28334455', 'valentina.mendoza@example.com', '987654352', 'hashed_password_32', 'Alumno', NOW(), NULL),
('Mateo', 'García Martínez', '2037-02-07', 'DNI', '33445596', 'mateo.garcia@example.com', '987654353', 'hashed_password_33', 'Alumno', NOW(), NULL),
('Lucas', 'Díaz Fernández', '2038-01-10', 'DNI', '43556677', 'lucas.diaz@example.com', '987654354', 'hashed_password_34', 'Alumno', NOW(), NULL),
('Tomás', 'Vargas Soto', '2039-12-13', 'DNI', '55622288', 'tomas.vargas@example.com', '987654355', 'hashed_password_35', 'Alumno', NOW(), NULL),
('Isabella', 'Castro Ramírez', '2040-11-16', 'DNI', '66778804', 'isabella.castro@example.com', '987654356', 'hashed_password_36', 'Alumno', NOW(), NULL),
('Valeria', 'Silva Martínez', '2041-10-19', 'DNI', '77880500', 'valeria.silva@example.com', '987654357', 'hashed_password_37', 'Alumno', NOW(), NULL),
('Santiago', 'Morales Fernández', '2042-09-22', 'DNI', '88990004', 'santiago.morales@example.com', '987654358', 'hashed_password_38', 'Alumno', NOW(), NULL),
('Camila', 'Ortega Soto', '2043-08-25', 'DNI', '94001122', 'camila.ortega@example.com', '987654359', 'hashed_password_39', 'Alumno', NOW(), NULL),
('Benjamín', 'Navarro Ramírez', '2044-07-28', 'DNI', '00142233', 'benjamin.navarro@example.com', '987654360', 'hashed_password_40', 'Alumno', NOW(), NULL),

-- Apoderados (20 registros)
('Carlos', 'García Pérez', '1980-07-25', 'DNI', '11220044', 'carlos.garcia@example.com', '987654361', 'hashed_password_41', 'Padre', NOW(), NULL),
('Marcela', 'Torres Ramírez', '1975-05-15', 'DNI', '33645566', 'marcela.torres@example.com', '987654362', 'hashed_password_42', 'Madre', NOW(), NULL),
('Roberto', 'Mendoza López', '1968-03-10', 'DNI', '01667788', 'roberto.mendoza@example.com', '987654363', 'hashed_password_43', 'Padre', NOW(), NULL),
('Sandra', 'Paredes Fernández', '1970-11-05', 'DNI', '05778899', 'sandra.paredes@example.com', '987654364', 'hashed_password_44', 'Madre', NOW(), NULL),
('Jorge', 'Villanueva Soto', '1982-08-18', 'DNI', '77889910', 'jorge.villanueva@example.com', '987654365', 'hashed_password_45', 'Apoderado', NOW(), NULL),
('Rosa', 'Castillo Ramírez', '1977-06-21', 'DNI', '02990011', 'rosa.castillo@example.com', '987654366', 'hashed_password_46', 'Madre', NOW(), NULL),
('Luis', 'Ramírez Martínez', '1972-04-24', 'DNI', '95001122', 'luis.ramirez@example.com', '987654367', 'hashed_password_47', 'Padre', NOW(), NULL),
('Patricia', 'Herrera Fernández', '1967-02-27', 'DNI', '00117733', 'patricia.herrera@example.com', '987654368', 'hashed_password_48', 'Madre', NOW(), NULL),
('Fernando', 'Cruz Soto', '1984-01-30', 'DNI', '11573344', 'fernando.cruz@example.com', '987654369', 'hashed_password_49', 'Apoderado', NOW(), NULL),
('Monica', 'Salas Ramírez', '1979-12-03', 'DNI', '29334455', 'monica.salas@example.com', '987654370', 'hashed_password_50', 'Madre', NOW(), NULL),
('Carlos', 'García López', '1981-11-06', 'DNI', '33445066', 'carlos.garcia2@example.com', '987654371', 'hashed_password_51', 'Padre', NOW(), NULL),
('Marcela', 'Torres Fernández', '1976-10-09', 'DNI', '44556577', 'marcela.torres2@example.com', '987654372', 'hashed_password_52', 'Madre', NOW(), NULL),
('Roberto', 'Mendoza Soto', '1969-09-12', 'DNI', '55017788', 'roberto.mendoza2@example.com', '987654373', 'hashed_password_53', 'Padre', NOW(), NULL),
('Sandra', 'Paredes Ramírez', '1974-08-15', 'DNI', '66068899', 'sandra.paredes2@example.com', '987654374', 'hashed_password_54', 'Madre', NOW(), NULL),
('Jorge', 'Villanueva Martínez', '1986-07-18', 'DNI', '09889900', 'jorge.villanueva2@example.com', '987654375', 'hashed_password_55', 'Apoderado', NOW(), NULL),
('Rosa', 'Castillo Fernández', '1981-06-21', 'DNI', '88030011', 'rosa.castillo2@example.com', '987654376', 'hashed_password_56', 'Madre', NOW(), NULL),
('Luis', 'Ramírez Soto', '1976-05-24', 'DNI', '96001122', 'luis.ramirez2@example.com', '987654377', 'hashed_password_57', 'Padre', NOW(), NULL),
('Patricia', 'Herrera Ramírez', '1971-04-27', 'DNI', '00152233', 'patricia.herrera2@example.com', '987654378', 'hashed_password_58', 'Madre', NOW(), NULL),
('Fernando', 'Cruz Martínez', '1988-03-30', 'DNI', '11223323', 'fernando.cruz2@example.com', '987654379', 'hashed_password_59', 'Apoderado', NOW(), NULL),
('Monica', 'Salas Fernández', '1983-02-02', 'DNI', '45334455', 'monica.salas2@example.com', '987654380', 'hashed_password_60', 'Madre', NOW(), NULL),

-- Profesores (10 registros)
('Alberto', 'Flores Gómez', '1970-05-15', 'DNI', '12345670', 'alberto.flores@example.com', '987654381', 'hashed_password_61', 'Profesor', NOW(), NULL),
('Verónica', 'Palacios Ruiz', '1975-07-25', 'DNI', '87604321', 'veronica.palacios@example.com', '987654382', 'hashed_password_62', 'Profesor', NOW(), NULL),
('Javier', 'Gutiérrez López', '1980-03-10', 'DNI', '11223389', 'javier.gutierrez@example.com', '987654383', 'hashed_password_63', 'Profesor', NOW(), NULL),
('María', 'Díaz Fernández', '1985-11-05', 'DNI', '33425566', 'maria.diaz@example.com', '987654384', 'hashed_password_64', 'Profesor', NOW(), NULL),
('Carlos', 'Vargas Soto', '1990-08-18', 'DNI', '55660188', 'carlos.vargas@example.com', '987654385', 'hashed_password_65', 'Profesor', NOW(), NULL),
('Ana', 'Castro Ramírez', '1995-06-21', 'DNI', '66770799', 'ana.castro@example.com', '987654386', 'hashed_password_66', 'Profesor', NOW(), NULL),
('Luis', 'Silva Martínez', '2000-04-24', 'DNI', '77089900', 'luis.silva@example.com', '987654387', 'hashed_password_67', 'Profesor', NOW(), NULL),
('Sofía', 'Morales Fernández', '2005-02-27', 'DNI', '88991111', 'sofia.morales@example.com', '987654388', 'hashed_password_68', 'Profesor', NOW(), NULL),
('Diego', 'Ortega Soto', '2010-01-30', 'DNI', '97001122', 'diego.ortega@example.com', '987654389', 'hashed_password_69', 'Profesor', NOW(), NULL),
('Valeria', 'Navarro Ramírez', '2015-12-03', 'DNI', '00162233', 'valeria.navarro@example.com', '987654390', 'hashed_password_70', 'Profesor', NOW(), NULL),

-- Administrativos (10 registros)
('Carlos', 'García Pérez', '1980-07-25', 'DNI', '72223344', 'carlos.garcia3@example.com', '987654391', 'hashed_password_71', 'Administrativo', NOW(), NULL),
('Marcela', 'Torres Ramírez', '1975-05-15', 'DNI', '33445266', 'marcela.torres3@example.com', '987654392', 'hashed_password_72', 'Administrativo', NOW(), NULL),
('Roberto', 'Mendoza López', '1968-03-10', 'DNI', '55667701', 'roberto.mendoza3@example.com', '987654393', 'hashed_password_73', 'Administrativo', NOW(), NULL),
('Sandra', 'Paredes Fernández', '1970-11-05', 'DNI', '66778810', 'sandra.paredes3@example.com', '987654394', 'hashed_password_74', 'Administrativo', NOW(), NULL),
('Jorge', 'Villanueva Soto', '1982-08-18', 'DNI', '77880400', 'jorge.villanueva3@example.com', '987654395', 'hashed_password_75', 'Administrativo', NOW(), NULL),
('Rosa', 'Castillo Ramírez', '1977-06-21', 'DNI', '88990022', 'rosa.castillo3@example.com', '987654396', 'hashed_password_76', 'Administrativo', NOW(), NULL),
('Luis', 'Ramírez Martínez', '1972-04-24', 'DNI', '98001122', 'luis.ramirez3@example.com', '987654397', 'hashed_password_77', 'Administrativo', NOW(), NULL),
('Patricia', 'Herrera Fernández', '1967-02-27', 'DNI', '00172233', 'patricia.herrera3@example.com', '987654398', 'hashed_password_78', 'Administrativo', NOW(), NULL),
('Fernando', 'Cruz Soto', '1984-01-30', 'DNI', '76223344', 'fernando.cruz3@example.com', '987654399', 'hashed_password_79', 'Administrativo', NOW(), NULL),
('Monica', 'Salas Ramírez', '1979-12-03', 'DNI', '22338755', 'monica.salas3@example.com', '987654400', 'hashed_password_80', 'Administrativo', NOW(), NULL),

-- Directores (2 registros)
('hassan', 'Flores Gómez', '1970-05-15', 'DNI', '12345678', 'alberto.flores2@example.com', '987654401', 'hashed_password_81', 'Director', NOW(), NULL),
('Verónica', 'Palacios Ruiz', '1975-07-25', 'DNI', '87654321', 'veronica.palacios2@example.com', '987654402', 'hashed_password_82', 'Directora', NOW(), NULL);

INSERT INTO alumnos (usuario_id, codigo_alumno, fecha_ingreso)
VALUES
(1, 'A001', '2023-03-01'),
(2, 'A002', '2023-03-02'),
(3, 'A003', '2023-03-03'),
(4, 'A004', '2023-03-04'),
(5, 'A005', '2023-03-05'),
(6, 'A006', '2023-03-06'),
(7, 'A007', '2023-03-07'),
(8, 'A008', '2023-03-08'),
(9, 'A009', '2023-03-09'),
(10, 'A010', '2023-03-10'),
(11, 'A011', '2023-03-11'),
(12, 'A012', '2023-03-12'),
(13, 'A013', '2023-03-13'),
(14, 'A014', '2023-03-14'),
(15, 'A015', '2023-03-15'),
(16, 'A016', '2023-03-16'),
(17, 'A017', '2023-03-17'),
(18, 'A018', '2023-03-18'),
(19, 'A019', '2023-03-19'),
(20, 'A020', '2023-03-20'),
(21, 'A021', '2023-03-21'),
(22, 'A022', '2023-03-22'),
(23, 'A023', '2023-03-23'),
(24, 'A024', '2023-03-24'),
(25, 'A025', '2023-03-25'),
(26, 'A026', '2023-03-26'),
(27, 'A027', '2023-03-27'),
(28, 'A028', '2023-03-28'),
(29, 'A029', '2023-03-29'),
(30, 'A030', '2023-03-30'),
(31, 'A031', '2023-03-31'),
(32, 'A032', '2023-04-01'),
(33, 'A033', '2023-04-02'),
(34, 'A034', '2023-04-03'),
(35, 'A035', '2023-04-04'),
(36, 'A036', '2023-04-05'),
(37, 'A037', '2023-04-06'),
(38, 'A038', '2023-04-07'),
(39, 'A039', '2023-04-08'),
(40, 'A040', '2023-04-09');

INSERT INTO apoderados (usuario_id, relacion)
VALUES
(41, 'Padre'),
(42, 'Madre'),
(43, 'Padre'),
(44, 'Madre'),
(45, 'Apoderado'),
(46, 'Madre'),
(47, 'Padre'),
(48, 'Madre'),
(49, 'Apoderado'),
(50, 'Madre'),
(51, 'Padre'),
(52, 'Madre'),
(53, 'Padre'),
(54, 'Madre'),
(55, 'Apoderado'),
(56, 'Madre'),
(57, 'Padre'),
(58, 'Madre'),
(59, 'Apoderado'),
(60, 'Madre');

INSERT INTO profesores (usuario_id, especialidad)
VALUES
(61, 'Matemáticas'),
(62, 'Historia'),
(63, 'Ciencias'),
(64, 'Inglés'),
(65, 'Español'),
(66, 'Educación Física'),
(67, 'Arte'),
(68, 'Informática'),
(69, 'Química'),
(70, 'Biología');

INSERT INTO administrativos (usuario_id, cargo)
VALUES
(71, 'Secretario'),
(72, 'Tesorero'),
(73, 'Coordinador Académico'),
(74, 'Coordinador de Servicios'),
(75, 'Coordinador de Recursos Humanos'),
(76, 'Coordinador de Mantenimiento'),
(77, 'Coordinador de Transporte'),
(78, 'Coordinador de Comunicaciones'),
(79, 'Coordinador de Relaciones Públicas'),
(80, 'Coordinador de Tecnología');

INSERT INTO cursos (nombre, descripcion, nivel)
VALUES
('Matemáticas', 'Curso de álgebra y geometría', 'Secundaria'),
('Historia', 'Curso de historia universal', 'Secundaria'),
('Ciencias', 'Curso de biología y química', 'Secundaria'),
('Inglés', 'Curso de inglés básico y avanzado', 'Secundaria'),
('Español', 'Curso de lengua y literatura', 'Secundaria'),
('Educación Física', 'Curso de deportes y actividades físicas', 'Secundaria'),
('Arte', 'Curso de pintura y dibujo', 'Secundaria'),
('Informática', 'Curso de programación y diseño web', 'Secundaria'),
('Química', 'Curso de química orgánica e inorgánica', 'Secundaria'),
('Biología', 'Curso de biología celular y molecular', 'Secundaria'),
('Filosofía', 'Curso de filosofía contemporánea', 'Secundaria'),
('Psicología', 'Curso de psicología clínica', 'Secundaria'),
('Geografía', 'Curso de geografía física y humana', 'Secundaria'),
('Física', 'Curso de física teórica y experimental', 'Secundaria'),
('Economía', 'Curso de economía básica', 'Secundaria'),
('Literatura', 'Curso de literatura hispanoamericana', 'Secundaria'),
('Música', 'Curso de música y teoría musical', 'Secundaria'),
('Dibujo', 'Curso de técnicas de dibujo', 'Secundaria'),
('Programación', 'Curso de programación orientada a objetos', 'Secundaria'),
('Derecho', 'Curso de introducción al derecho', 'Secundaria');

INSERT INTO horarios (curso_id, profesor_id, dia, hora_inicio, hora_fin)
VALUES
(1, 61, 'Lunes', '08:00', '10:00'),
(2, 62, 'Martes', '10:00', '12:00'),
(3, 63, 'Miércoles', '14:00', '16:00'),
(4, 64, 'Jueves', '09:00', '11:00'),
(5, 65, 'Viernes', '11:00', '13:00'),
(6, 66, 'Lunes',

INSERT INTO notas (alumno_id, curso_id, profesor_id, nota, fecha_registro, fecha_actualizacion)
VALUES
(1, 1, 61, 15.5, NOW(), NULL),
(2, 2, 62, 17.0, NOW(), NULL),
(3, 3, 63, 16.0, NOW(), NULL),
(4, 4, 64, 18.0, NOW(), NULL),
(5, 5, 65, 14.5, NOW(), NULL),
(6, 6, 66, 16.5, NOW(), NULL),
(7, 7, 67, 17.5, NOW(), NULL),
(8, 8, 68, 15.0, NOW(), NULL),
(9, 9, 69, 16.0, NOW(), NULL),
(10, 10, 70, 17.0, NOW(), NULL),
(11, 1, 61, 15.8, NOW(), NULL),
(12, 2, 62, 16.2, NOW(), NULL),
(13, 3, 63, 17.1, NOW(), NULL),
(14, 4, 64, 18.5, NOW(), NULL),
(15, 5, 65, 14.8, NOW(), NULL),
(16, 6, 66, 16.8, NOW(), NULL),
(17, 7, 67, 17.8, NOW(), NULL),
(18, 8, 68, 15.2, NOW(), NULL),
(19, 9, 69, 16.2, NOW(), NULL),
(20, 10, 70, 17.2, NOW(), NULL),
(21, 1, 61, 15.9, NOW(), NULL),
(22, 2, 62, 16.9, NOW(), NULL),
(23, 3, 63, 17.9, NOW(), NULL),
(24, 4, 64, 18.9, NOW(), NULL),
(25, 5, 65, 14.9, NOW(), NULL),
(26, 6, 66, 16.9, NOW(), NULL),
(27, 7, 67, 17.9, NOW(), NULL),
(28, 8, 68, 15.9, NOW(), NULL),
(29, 9, 69, 16.9, NOW(), NULL),
(30, 10, 70, 17.9, NOW(), NULL);

INSERT INTO asistencias (alumno_id, curso_id, fecha, estado)
VALUES
(1, 1, '2024-03-01', 'Presente'),
(2, 2, '2024-03-01', 'Ausente'),
(3, 3, '2024-03-01', 'Presente'),
(4, 4, '2024-03-01', 'Presente'),
(5, 5, '2024-03-01', 'Ausente'),
(6, 6, '2024-03-01', 'Presente'),
(7, 7, '2024-03-01', 'Presente'),
(8, 8, '2024-03-01', 'Ausente'),
(9, 9, '2024-03-01', 'Presente'),
(10, 10, '2024-03-01', 'Presente'),
(11, 1, '2024-03-02', 'Presente'),
(12, 2, '2024-03-02', 'Presente'),
(13, 3, '2024-03-02', 'Ausente'),
(14, 4, '2024-03-02', 'Presente'),
(15, 5, '2024-03-02', 'Presente'),
(16, 6, '2024-03-02', 'Ausente'),
(17, 7, '2024-03-02', 'Presente'),
(18, 8, '2024-03-02', 'Presente'),
(19, 9, '2024-03-02', 'Ausente'),
(20, 10, '2024-03-02', 'Presente'),
(21, 1, '2024-03-03', 'Presente'),
(22, 2, '2024-03-03', 'Ausente'),
(23, 3, '2024-03-03', 'Presente'),
(24, 4, '24-03-03', 'Presente'),
(25, 5, '2024-03-03', 'Ausente'),
(26, 6, '2024-03-03', 'Presente'),
(27, 7, '2024-03-03', 'Presente'),
(28, 8, '2024-03-03', 'Ausente'),
(29, 9, '2024-03-03', 'Presente'),
(30, 10, '2024-03-03', 'Presente');

INSERT INTO pagos (alumno_id, monto, fecha_pago, fecha_registro)
VALUES
(1, 500.00, NOW(), NOW()),
(2, 600.00, NOW(), NOW()),
(3, 550.00, NOW(), NOW()),
(4, 650.00, NOW(), NOW()),
(5, 700.00, NOW(), NOW()),
(6, 750.00, NOW(), NOW()),
(7, 800.00, NOW(), NOW()),
(8, 850.00, NOW(), NOW()),
(9, 900.00, NOW(), NOW()),
(10, 950.00, NOW(), NOW()),
(11, 1000.00, NOW(), NOW()),
(12, 1050.00, NOW(), NOW()),
(13, 1100.00, NOW(), NOW()),
(14, 1150.00, NOW(), NOW()),
(15, 1200.00, NOW(), NOW()),
(16, 1250.00, NOW(), NOW()),
(17, 1300.00, NOW(), NOW()),
(18, 1350.00, NOW(), NOW()),
(19, 1400.00, NOW(), NOW()),
(20, 1450.00, NOW(), NOW()),
(21, 1500.00, NOW(), NOW()),
(22, 1550.00, NOW(), NOW()),
(23, 1600.00, NOW(), NOW()),
(24, 1650.00, NOW(), NOW()),
(25, 1700.00, NOW(), NOW()),
(26, 1750.00, NOW(), NOW()),
(27, 1800.00, NOW(), NOW()),
(28, 1850.00, NOW(), NOW()),
(29, 1900.00, NOW(), NOW()),
(30, 1950.00, NOW(), NOW());

INSERT INTO reportes (administrativo_id, tipo_reporte, fecha_generacion)
VALUES
(71, 'Asistencias', NOW()),
(72, 'Finanzas', NOW()),
(73, 'Matrículas', NOW()),
(74, 'Notas', NOW()),
(75, 'Pagos', NOW()),
(76, 'Horarios', NOW()),
(77, 'Cursos', NOW()),
(78, 'Profesores', NOW()),
(79, 'Alumnos', NOW()),
(80, 'Apoderados', NOW()),
(71, 'Evaluaciones', NOW()),
(72, 'Convivencia', NOW()),
(73, 'Seguridad', NOW()),
(74, 'Transporte', NOW()),
(75, 'Comunicaciones', NOW()),
(76, 'Biblioteca', NOW()),
(77, 'Nutrición', NOW()),
(78, 'Actividades Extraescolares', NOW()),
(79, 'Formación Profesional', NOW()),
(80, 'Investigación', NOW());

INSERT INTO matriculas (alumno_id, curso_id, fecha_matricula)
VALUES
(1, 1, '2023-03-01 08:00:00'),
(2, 2, '2023-03-02 09:00:00'),
(3, 3, '2023-03-03 10:00:00'),
(4, 4, '2023-03-04 11:00:00'),
(5, 5, '2023-03-05 12:00:00'),
(6, 6, '2023-03-06 13:00:00'),
(7, 7, '2023-03-07 14:00:00'),
(8, 8, '2023-03-08 15:00:00'),
(9, 9, '2023-03-09 16:00:00'),
(10, 10, '2023-03-10 17:00:00'),
(11, 1, '2023-03-11 08:30:00'),
(12, 2, '2023-03-12 09:30:00'),
(13, 3, '2023-03-13 10:30:00'),
(14, 4, '2023-03-14 11:30:00'),
(15, 5, '2023-03-15 12:30:00'),
(16, 6, '2023-03-16 13:30:00'),
(17, 7, '2023-03-17 14:30:00'),
(18, 8, '2023-03-18 15:30:00'),
(19, 9, '2023-03-19 16:30:00'),
(20, 10, '2023-03-20 17:30:00'),
(21, 1, '2023-03-21 08:45:00'),
(22, 2, '2023-03-22 09:45:00'),
(23, 3, '2023-03-23 10:45:00'),
(24, 4, '2023-03-24 11:45:00'),
(25, 5, '2023-03-25 12:45:00'),
(26, 6, '2023-03-26 13:45:00'),
(27, 7, '2023-03-27 14:45:00'),
(28, 8, '2023-03-28 15:45:00'),
(29, 9, '2023-03-29 16:45:00'),
(30, 10, '2023-03-30 17:45:00');
